,Name,Color,Price,Pre Sale Price,Link
0,Silicone Grip Lifting Straps,Black,16.0,,https://us.shop.gymshark.com/products/gymshark-silicone-grip-lifting-straps-black
1,Crew Socks 3pk,White/Light Grey Marl/Black,16.0,,https://us.shop.gymshark.com/products/gymshark-crew-socks-3pk-white-light-grey-marl-black-aw21
2,Everyday Mini Holdall,Black,30.0,,https://us.shop.gymshark.com/products/gymshark-everyday-mini-holdall-black-ss23
3,Wrist Straps,Black,20.0,,https://us.shop.gymshark.com/products/gymshark-wrist-straps-black-logo
4,Everyday Mini Holdall,Dusty Maroon,30.0,,https://us.shop.gymshark.com/products/gymshark-everyday-mini-holdall-dusty-maroon-ss23
5,44oz Water Bottle,Black,11.2,14.0,https://us.shop.gymshark.com/products/gymshark-1-3l-water-bottle-black-aw21
6,Crew Socks 5pk,White,24.0,,https://us.shop.gymshark.com/products/gymshark-crew-socks-5pk-white-ss23
7,Small Everyday Gym Bag,Black,42.0,,https://us.shop.gymshark.com/products/gymshark-everyday-holdall-black-aw21
8,Crew Socks 3pk,Black,16.0,,https://us.shop.gymshark.com/products/gymshark-crew-socks-3pk-black-aw21
9,Barbell Pad,Black,20.0,,https://us.shop.gymshark.com/products/gymshark-barbell-pad-black-ss23
10,33oz Water Bottle,Black,14.0,,https://us.shop.gymshark.com/products/gymshark-1l-water-bottle-black-ss23
11,Everyday Mini Backpack,Cement Brown,30.0,,https://us.shop.gymshark.com/products/gymshark-everyday-mini-backpack-cement-brown-ss23
12,14oz Shaker Bottle,Bright Fuchsia,12.0,,https://us.shop.gymshark.com/products/gymshark-400ml-shaker-bottle-bright-fuchsia-ss23
13,Sweat Towel,Dusty Maroon,16.0,,https://us.shop.gymshark.com/products/gymshark-sweat-towel-dusty-maroon-ss23
14,Small Everyday Gym Bag,Black,42.0,,https://us.shop.gymshark.com/products/gymshark-small-everyday-holdall-black-ss23
15,Comfy Rest Day Socks,White,12.0,,https://us.shop.gymshark.com/products/gymshark-comfy-rest-day-socks-white-1
16,Small Everyday Gym Bag,Cement Brown,42.0,,https://us.shop.gymshark.com/products/gymshark-small-everyday-holdall-cement-brown-ss23
17,Everyday Mini Backpack,Black,30.0,,https://us.shop.gymshark.com/products/gymshark-everyday-mini-backpack-black-aw21
18,Medium Glute Band,Charcoal Grey,16.0,20.0,https://us.shop.gymshark.com/products/gymshark-medium-glute-band-charcoal-grey-aw21
19,Figure 8 Lifting Straps,Black,16.0,,https://us.shop.gymshark.com/products/gymshark-lifting-straps-black-aw21
20,Scrunchies 3pk,Black/Maroon/Evening Blue,14.0,,https://us.shop.gymshark.com/products/gymshark-scrunchies-3pk-black-maroon-evening-blue-ss23
21,Legacy Lifting Gloves,Black,22.0,,https://us.shop.gymshark.com/products/gymshark-legacy-lifting-gloves-black-ss22
22,14oz Shaker Bottle,Black,12.0,,https://us.shop.gymshark.com/products/gymshark-400ml-shaker-bottle-black-aw21
23,Wrist Straps,Magenta Pink,20.0,,https://us.shop.gymshark.com/products/gymshark-wrist-straps-magenta-pink-aw22
24,Sports Bottle,River Stone Grey/Drift Grey,20.0,,https://us.shop.gymshark.com/products/gymshark-sports-bottle-river-stone-grey-drift-grey-ss23
25,Everyday Wash Bag,Black,16.0,,https://us.shop.gymshark.com/products/gymshark-everyday-wash-bag-black-ss23
26,74oz Water Bottle,Black,18.0,,https://us.shop.gymshark.com/products/gymshark-2-2l-water-bottle-black-aw21
27,Medium Everyday Gym Bag,Black,52.0,,https://us.shop.gymshark.com/products/gymshark-everyday-holdall-black-aw22
28,Crew Socks 3pk,Green/Grey/Blue,16.0,,https://us.shop.gymshark.com/products/gymshark-crew-socks-3pk-green-grey-blue-ss23
29,Scrunchies 3pk,White/Blush Pink/Misty Pink,14.0,,https://us.shop.gymshark.com/products/gymshark-scrunchies-3pk-white-blush-pink-misty-pink-ss23
30,Studio Gym Bag,Black,43.2,48.0,https://us.shop.gymshark.com/products/gymshark-studio-holdall-black-aw21
31,Towel,Misty Pink,20.0,,https://us.shop.gymshark.com/products/gymshark-towel-misty-pink-ss23
32,Comfy Rest Day Socks,Hazy Pink,12.0,,https://us.shop.gymshark.com/products/gymshark-comfy-rest-day-socks-hazy-pink-ss23
33,Medium Everyday Gym Bag,Sweet Pink,52.0,,https://us.shop.gymshark.com/products/gymshark-everyday-holdall-sweet-pink-aw22
34,Sharkhead Cap,Shaded Lilac,26.0,,https://us.shop.gymshark.com/products/gymshark-sharkhead-cap-shaded-lilac-aw22-1
35,Logo 5 Panel Cap,River Stone Grey,22.4,28.0,https://us.shop.gymshark.com/products/gymshark-logo-5-panel-cap-river-stone-grey-ss23
36,74oz Water Bottle,Pastel Green,18.0,,https://us.shop.gymshark.com/products/gymshark-2-2l-water-bottle-pastel-green-ss23
37,No Show Socks 3pk,Grey/Green/Green,12.0,,https://us.shop.gymshark.com/products/gymshark-no-show-socks-3pk-grey-green-green-ss23
38,Sharkhead Cap,Terracotta Pink,26.0,,https://us.shop.gymshark.com/products/gymshark-sharkhead-cap-terracotta-pink-ss23
39,Bucket Hat,White,32.0,,https://us.shop.gymshark.com/products/gymshark-bucket-hat-white-ss23
40,Bucket Hat,Firefly Green,32.0,,https://us.shop.gymshark.com/products/gymshark-bucket-hat-firefly-green-ss23
41,Legacy Crew Socks 2pk,Iceberg Blue/White,24.0,,https://us.shop.gymshark.com/products/gymshark-legacy-crew-socks-2pk-iceberg-blue-white-ss23
42,Legacy Crew Socks 2pk,White,24.0,,https://us.shop.gymshark.com/products/gymshark-legacy-crew-socks-2pk-white-ss23
43,Bold Gym Bag,Dusty Olive,68.0,,https://us.shop.gymshark.com/products/gymshark-bold-holdall-dusty-olive-ss23
44,Ankle Socks 3pk,Blue/Jewel Green/Pebble Grey,14.0,,https://us.shop.gymshark.com/products/gymshark-trainer-socks-3pk-blue-jewel-green-pebble-grey-ss23
45,X-Series 0.3 Backpack,Persimmon Red,64.0,,https://us.shop.gymshark.com/products/gymshark-xseries-0-3-backpack-persimmon-red-ss23
46,X-Series Wash Bag,Persimmon Red,24.0,,https://us.shop.gymshark.com/products/gymshark-xseries-wash-bag-persimmon-red-ss23
47,Legacy Cap,Iceberg Blue,26.0,,https://us.shop.gymshark.com/products/gymshark-legacy-cap-iceberg-blue-ss23
48,Mesh Trucker,Black,30.0,,https://us.shop.gymshark.com/products/gymshark-mesh-trucker-black-ss23
49,Premium Crew Sock 1pk,White/Black,12.0,,https://us.shop.gymshark.com/products/gymshark-premium-crew-sock-1pk-white-black-ss23
50,Large Everyday Gym Bag ,Black,62.0,,https://us.shop.gymshark.com/products/gymshark-large-everyday-holdall-black-ss23
51,Large Everyday Gym Bag,Dusty Maroon,62.0,,https://us.shop.gymshark.com/products/gymshark-large-everyday-holdall-dusty-maroon-ss23
52,Reversible Bucket Hat,Pebble Grey,30.0,,https://us.shop.gymshark.com/products/gymshark-reversible-bucket-hat-pebble-grey-ss23
53,Reversible Bucket Hat,White/Orange/Peach,30.0,,https://us.shop.gymshark.com/products/gymshark-reversible-bucket-hat-white-orange-peach-ss23
54,Handwriting Sock,Firefly Green/White,12.0,,https://us.shop.gymshark.com/products/gymshark-handwriting-sock-firefly-green-white-ss23
55,Insulated Straw Cup,River Stone Grey/Evening Blue,26.0,,https://us.shop.gymshark.com/products/gymshark-iced-coffee-mug-river-stone-grey-evening-blue-ss23
56,Insulated Straw Cup,Misty Pink/Terracotta Pink,26.0,,https://us.shop.gymshark.com/products/gymshark-iced-coffee-mug-misty-pink-terracotta-pink-ss23
57,Handwriting Baseball Cap,White/Firefly Green,26.0,,https://us.shop.gymshark.com/products/gymshark-handwriting-baseball-cap-white-firefly-green-ss23
58,Small Everyday Gym Bag,Scandi Pink,42.0,,https://us.shop.gymshark.com/products/gymshark-small-everyday-holdall-scandi-pink-ss23
59,Barbell Pad,Magenta Pink,20.0,,https://us.shop.gymshark.com/products/gymshark-barbell-pad-magenta-pink-ss23
60,Everyday Wash Bag,Cement Brown,16.0,,https://us.shop.gymshark.com/products/gymshark-everyday-wash-bag-cement-brown-ss23
61,Everyday Wash Bag,Dusty Maroon,16.0,,https://us.shop.gymshark.com/products/gymshark-everyday-wash-bag-dusty-maroon-ss23
62,Medium Everyday Holdall,Light Grey,52.0,,https://us.shop.gymshark.com/products/gymshark-medium-everyday-holdall-light-grey-ss23
63,Sports Bottle,Flora Green/Desert Sage Green,20.0,,https://us.shop.gymshark.com/products/gymshark-sports-bottle-flora-green-desert-sage-green-ss23
64,Lifting Straps,Magenta Pink,16.0,,https://us.shop.gymshark.com/products/gymshark-lifting-straps-magenta-pink-aw22
65,Crew Socks 5pk,Teal/Pink/Teal/Purple/Lilac,24.0,,https://us.shop.gymshark.com/products/gymshark-crew-socks-5pk-teal-pink-teal-purple-lilac-ss23
66,Legacy Lifting Gloves,Magenta Pink,22.0,,https://us.shop.gymshark.com/products/gymshark-legacy-lifting-gloves-magenta-pink-ss23
67,Heavy Glute Band,Black,16.0,20.0,https://us.shop.gymshark.com/products/gymshark-heavy-glute-band-black
68,No Show Socks 3pk,Black,12.0,,https://us.shop.gymshark.com/products/gymshark-no-show-socks-3pk-black-aw21
69,Ankle Socks 3pk,White,14.0,,https://us.shop.gymshark.com/products/gymshark-trainer-socks-3pk-white-aw21
70,Premium Sharkhead Crew Single,Black,12.0,,https://us.shop.gymshark.com/products/gymshark-premium-sharkhead-crew-single-black-aw22
71,Light Glute Band,Light Grey,16.0,20.0,https://us.shop.gymshark.com/products/gymshark-light-glute-band-light-grey
72,X-Series Duffle Bag,Black,68.8,86.0,https://us.shop.gymshark.com/products/gymshark-x-series-duffle-bag-black-aw21
73,Comfy Rest Day Socks,Navy,12.0,,https://us.shop.gymshark.com/products/gymshark-comfy-rest-day-socks-navy-aw22
74,Sharkhead Gymsack,Coastal Blue,18.0,20.0,https://us.shop.gymshark.com/products/gymshark-sharkhead-gymsack-costal-blue-aw22
75,Bow Scrunchie,Sweet Pink,9.6,12.0,https://us.shop.gymshark.com/products/gymshark-bow-scrunchie-sweet-pink-aw22
76,Sharkhead Hairband 3pk,Black,9.6,12.0,https://us.shop.gymshark.com/products/gymshark-sharkhead-hairband-3pk-black-aw22
77,Studio Mat,Black,54.4,68.0,https://us.shop.gymshark.com/products/gymshark-studio-mat-black
78,Sharkhead Gymsack,Black,20.0,,https://us.shop.gymshark.com/products/gymshark-sharkhead-gymsack-black-aw22
79,Jacquard Quarter Socks 3pk,Black,16.0,,https://us.shop.gymshark.com/products/gymshark-jacquard-quarter-socks-black-aw21
80,Bow Scrunchie,Black,9.6,12.0,https://us.shop.gymshark.com/products/gymshark-bow-scrunchie-black-aw22
81,Ankle Socks 3pk,Black,14.0,,https://us.shop.gymshark.com/products/gymshark-trainer-socks-3pk-black-aw21
82,Seamless Docker Beanie,Charcoal Grey Marl,18.0,30.0,https://us.shop.gymshark.com/products/gymshark-seamless-docker-beanie-charcoal-grey-marl-ss22
83,Bow Scrunchie,Cherry Brown,9.6,12.0,https://us.shop.gymshark.com/products/gymshark-bow-scrunchie-cherry-brown-aw22
84,Ankle Performance Socks,Black,11.2,14.0,https://us.shop.gymshark.com/products/gymshark-ankle-performance-socks-black
85,Logo 5 Panel Cap,Magenta Pink,22.4,28.0,https://us.shop.gymshark.com/products/gymshark-logo-5-panel-cap-magenta-pink-aw22
86,Flat Peak Cap,Pebble Grey,16.8,28.0,https://us.shop.gymshark.com/products/gymshark-flat-peak-cap-pebble-grey-aw22
87,Logo 5 Panel Cap,Black,22.4,28.0,https://us.shop.gymshark.com/products/gymshark-logo-5-panel-cap-black-aw22
88,Jacquard Quarter Socks 3pk,White,16.0,,https://us.shop.gymshark.com/products/gymshark-jacquard-quarter-socks-white-aw21
89,Sharkhead Sweat Bands,White,5.6,8.0,https://us.shop.gymshark.com/products/gymshark-sharkhead-sweat-bands-white-aw22
90,Sharkhead Headband,White,7.2,12.0,https://us.shop.gymshark.com/products/gymshark-sharkhead-headband-white-aw22
91,Weightlifting Socks,Black,17.6,22.0,https://us.shop.gymshark.com/products/gymshark-weightlifting-socks-black
92,Bold Gym Bag,Black,68.0,,https://us.shop.gymshark.com/products/gymshark-bold-holdall-black-aw22
93,Small Everyday Gym Bag,Chilli Red,42.0,,https://us.shop.gymshark.com/products/gymshark-everyday-holdall-chilli-red-aw22
94,No Show Socks 3pk,White,12.0,,https://us.shop.gymshark.com/products/gymshark-no-show-socks-3pk-white-aw21
95,Sharkhead Headband,Reactive Green,7.2,12.0,https://us.shop.gymshark.com/products/gymshark-sharkhead-headband-reactive-green-aw22
96,Crew Performance Socks,Black,12.8,16.0,https://us.shop.gymshark.com/products/gymshark-crew-performance-socks-black-ss22
97,Woven Tab Sneaker Socks 3pk,Black,16.0,,https://us.shop.gymshark.com/products/gymshark-woven-tab-sneaker-socks-black-aw21-1
98,Social Club Cosmetic Bag,Cherry Brown,12.8,16.0,https://us.shop.gymshark.com/products/gymshark-social-club-cosmetic-bag-cherry-brown-aw22
99,Medium Everyday Gym Bag,Light Grey,52.0,,https://us.shop.gymshark.com/products/gymshark-everyday-holdall-light-grey-aw22
100,Sharkhead Cap,Cayenne Red,18.2,26.0,https://us.shop.gymshark.com/products/gymshark-sharkhead-cap-cayenne-red-aw22
101,Sharkhead Sweat Bands,Reactive Green,5.6,8.0,https://us.shop.gymshark.com/products/gymshark-sharkhead-sweat-bands-reactive-green-aw22
102,Legacy Cap,Lakeside Blue,20.8,26.0,https://us.shop.gymshark.com/products/gymshark-legacy-cap-lakeside-blue-aw22
103,X-Series 0.1 Backpack,Lakeside Blue,36.8,46.0,https://us.shop.gymshark.com/products/gymshark-x-series-bag-0-1-lakeside-blue-aw22
104,Bold Bag,Coastal Blue,27.2,34.0,https://us.shop.gymshark.com/products/gymshark-bold-bag-coastal-blue-aw22
105,Legacy Cap,Blossom Pink,20.8,26.0,https://us.shop.gymshark.com/products/gymshark-legacy-cap-blossom-pink-aw22
106,Weightlifting Socks,White,17.6,22.0,https://us.shop.gymshark.com/products/gymshark-weightlifting-socks-white
107,Ankle Performance Socks,White,11.2,14.0,https://us.shop.gymshark.com/products/gymshark-ankle-performance-socks-white
108,Mesh Trucker,Pepper Red,18.0,30.0,https://us.shop.gymshark.com/products/gymshark-mesh-trucker-pepper-red-aw22
109,Sharkhead Backpack,Coastal Blue,32.4,36.0,https://us.shop.gymshark.com/products/gymshark-sharkhead-backpack-coastal-blue-aw22
110,Social Club Beanie,Cherry Brown,12.0,20.0,https://us.shop.gymshark.com/products/gymshark-social-club-beanie-cherry-brown-aw22
111,Pom Beanie,Blossom Pink/Sweet Pink/White,15.6,26.0,https://us.shop.gymshark.com/products/gymshark-pom-beanie-blossom-pink-sweet-pink-white-aw22
112,Social Club Double Stripe 1pk Sock,Cherry Brown/White,9.6,12.0,https://us.shop.gymshark.com/products/gymshark-social-club-double-stripe-1pk-sock-cherry-brown-white-aw22
113,Logo Trucker Cap,Core Olive,24.0,30.0,https://us.shop.gymshark.com/products/gymshark-logo-trucker-cap-core-olive-aw22
114,Bold Gym Bag,Coastal Blue,54.4,68.0,https://us.shop.gymshark.com/products/gymshark-bold-holdall-coastal-blue-aw22
115,Small Everyday Gym Bag,Digital Violet,42.0,,https://us.shop.gymshark.com/products/gymshark-everyday-holdall-digital-violet-aw22
116,X-Series Bag 0.3,Black,64.0,,https://us.shop.gymshark.com/products/gymshark-x-series-0-3-bag-black-aw22
117,Sharkhead Beanie,Reactive Green,16.0,20.0,https://us.shop.gymshark.com/products/gymshark-sharkhead-beanie-reactive-green-aw22
118,Sharkhead Beanie,Navy,20.0,,https://us.shop.gymshark.com/products/gymshark-sharkhead-beanie-navy
119,X-Series 0.3 Backpack,Core Olive,64.0,,https://us.shop.gymshark.com/products/gymshark-x-series-bag-0-3-core-olive-aw22
120,X-Series Wash Bag,Black,24.0,,https://us.shop.gymshark.com/products/gymshark-x-series-wash-bag-black-ss22
121,Everyday Zip Pouch,Chilli Red,16.0,,https://us.shop.gymshark.com/products/gymshark-everyday-wash-bag-chilli-red-aw22
122,Legacy Deep Cuff Beanie,Light Grey Marl,15.4,22.0,https://us.shop.gymshark.com/products/gymshark-legacy-deep-cuff-beanie-light-grey-marl-aw22
123,Bold Barrel Bag,Coastal Blue,32.0,40.0,https://us.shop.gymshark.com/products/gymshark-bold-barrel-bag-coastal-blue-aw22
124,Everyday Wash Bag,Black,16.0,,https://us.shop.gymshark.com/products/gymshark-everyday-wash-bag-black-aw21
125,Pom Beanie,Black/Coin Grey,15.6,26.0,https://us.shop.gymshark.com/products/gymshark-pom-beanie-black-coin-grey-aw22
126,Legacy Deep Cuff Beanie,Deep Pink,15.4,22.0,https://us.shop.gymshark.com/products/gymshark-legacy-deep-cuff-beanie-deep-pink-aw22
127,Social Club Metal Shaker,Cherry Brown,20.8,26.0,https://us.shop.gymshark.com/products/gymshark-social-club-metal-shaker-cherry-brown-aw22
128,Shaker Bottle,Black,14.0,,https://us.shop.gymshark.com/products/gymshark-shaker-bottle-black-aw21
129,Shaker Bottle,Reactive Green,14.0,,https://us.shop.gymshark.com/products/gymshark-shaker-bottle-reactive-green-aw22
130,Reversable Jacquard Beanie,Winter Teal/Slate Blue,18.2,26.0,https://us.shop.gymshark.com/products/gymshark-reversable-jacquard-beanie-winter-teal-slate-blue-aw22
131,Sharkhead Cap,Iguana Green,26.0,,https://us.shop.gymshark.com/products/gymshark-sharkhead-cap-iguana-green-aw22
132,Sharkhead Cap,Navy,26.0,,https://us.shop.gymshark.com/products/gymshark-sharkhead-cap-navy-aw22
133,X-Series Toiletry Bag,Core Olive,19.2,24.0,https://us.shop.gymshark.com/products/gymshark-x-series-wash-bag-core-olive-aw22
134,X-Series 0.3 Backpack,Mercury Purple,64.0,,https://us.shop.gymshark.com/products/gymshark-x-series-bag-0-3-mercury-purple-aw22
135,Sharkhead Beanie,Sweet Pink,20.0,,https://us.shop.gymshark.com/products/gymshark-sharkhead-beanie-sweet-pink-aw22
136,Pom Beanie,Pebble Grey/White,15.6,26.0,https://us.shop.gymshark.com/products/gymshark-pom-beanie-pebble-grey-white-aw22
137,Studio Mat,Hibiscus Pink,54.4,68.0,https://us.shop.gymshark.com/products/gymshark-studio-mat-hibiscus-pink
138,Everyday Mini Backpack,Light Grey,30.0,,https://us.shop.gymshark.com/products/gymshark-everyday-mini-backpack-light-grey-aw21
139,X-Series Bag 0.1,Black,46.0,,https://us.shop.gymshark.com/products/gymshark-x-series-bag-0-1-black-aw22
140,X-Series Toiletry Bag,Mercury Purple,19.2,24.0,https://us.shop.gymshark.com/products/gymshark-x-series-wash-bag-mercury-purple-aw22
141,Phone Strap,Black,12.8,16.0,https://us.shop.gymshark.com/products/gymshark-phone-strap-black-aw21
142,Sharkhead Beanie,Moss Olive,20.0,,https://us.shop.gymshark.com/products/gymshark-sharkhead-beanie-moss-olive-aw22
143,Wrap Lifting Gloves,Black,26.0,,https://us.shop.gymshark.com/products/gymshark-wrap-lifting-gloves-black-aw21
144,Everyday Mini Backpack,Chilli Red,30.0,,https://us.shop.gymshark.com/products/gymshark-everyday-mini-backpack-chilli-red-aw22
145,Gymshark//Steve Cook Headband,Turquoise,5.6,14.0,https://us.shop.gymshark.com/products/gymshark-x-steve-cook-headband-turquoise-ss22
146,Flip Straw Water Bottle,Magenta Pink,22.0,,https://us.shop.gymshark.com/products/gymshark-insulated-straw-flask-magenta-pink-aw22
147,Legacy Deep Cuff Beanie,Cement Brown,22.0,,https://us.shop.gymshark.com/products/gymshark-legacy-deep-cuff-beanie-cement-brown-aw22
148,Sharkhead Cap,White,26.0,,https://us.shop.gymshark.com/products/gymshark-sharkhead-cap-white-aw22
149,Bold Bag,Black,27.2,34.0,https://us.shop.gymshark.com/products/gymshark-bold-bag-black-aw22
150,Wraps,Black,20.0,,https://us.shop.gymshark.com/products/gymshark-lifting-straps-self-tie-black
151,Premium Jacquard Single Socks,Black/White,12.0,,https://us.shop.gymshark.com/products/gymshark-premium-jacquard-single-socks-black-white-aw22
152,Flat Peak Cap,Core Olive,16.8,28.0,https://us.shop.gymshark.com/products/gymshark-flat-peak-cap-core-olive-aw22
153,Logo 5 Panel Cap,Obsidian Green,22.4,28.0,https://us.shop.gymshark.com/products/gymshark-logo-5-panel-cap-obsidian-green-aw22
154,Studio Mat,Rose Brown,54.4,68.0,https://us.shop.gymshark.com/products/gymshark-studio-mat-rose-brown-aw22
155,Flip Straw Water Bottle,Black,22.0,,https://us.shop.gymshark.com/products/gymshark-600ml-straw-flask-black
156,Legacy Cap,Black,26.0,,https://us.shop.gymshark.com/products/gymshark-legacy-cap-black-aw22
157,Scrunchies 3Pk,Black/Core Olive/Light Grey,14.0,,https://us.shop.gymshark.com/products/gymshark-scrunchies-3pk-black-core-olive-ss22-light-grey
158,eGift Card,,10.0,,https://us.shop.gymshark.com/products/gift-card
159,Flat Peak Cap,Black,16.8,28.0,https://us.shop.gymshark.com/products/gymshark-flat-peak-cap-black-ss22
160,Bow Scrunchie,Desert Sage Green,9.6,12.0,https://us.shop.gymshark.com/products/gymshark-bow-scrunchie-desert-sage-green-ss23
161,Whitney Baseball Cap,Indigo Navy,25.2,28.0,https://us.shop.gymshark.com/products/gymshark-whitney-baseball-cap-indigo-navy-ss22
162,Whitney Baseball Cap,Sunset Beige,25.2,28.0,https://us.shop.gymshark.com/products/gymshark-whitney-baseball-cap-sunset-beige-ss22
163,Whitney Tab Crew Socks 1pk,Sea Kelp Green,12.6,14.0,https://us.shop.gymshark.com/products/gymshark-whitney-tab-crew-socks-1pk-sea-kelp-green-ss22
164,Whitney Gym Bag,Rekindle Brown,41.4,46.0,https://us.shop.gymshark.com/products/gymshark-whitney-holdall-rekindle-brown-ss22
165,Whitney Tab Crew Socks 1pk,Indigo Navy,12.6,14.0,https://us.shop.gymshark.com/products/gymshark-whitney-tab-crew-socks-1pk-indigo-navy-ss22
166,Whitney Straw Bottle,Sea Kelp Green,23.4,26.0,https://us.shop.gymshark.com/products/gymshark-whitney-straw-bottle-sea-kelp-green-ss22
167,Whitney Bottle,Cement Brown,26.0,,https://us.shop.gymshark.com/products/gymshark-whitney-bottle-cement-brown-aw22
168,Whitney Bottle,Pressed Petal Pink,26.0,,https://us.shop.gymshark.com/products/gymshark-whitney-bottle-pressed-petal-pink-aw22
169,Woven Tab Sneaker Socks 3pk,Kiwi Green/Sweet Pink/Fluo Fuchsia,12.8,16.0,https://us.shop.gymshark.com/products/gymshark-woven-tab-sneaker-socks-3pk-kiwi-green-sweet-pink-fluo-fuchsia-aw22
170,No Show Performance Socks,Black,9.6,12.0,https://us.shop.gymshark.com/products/gymshark-no-show-performance-socks-black
171,Premium Sharkhead Crew Single,White,12.0,,https://us.shop.gymshark.com/products/gymshark-premium-sharkhead-crew-single-white-aw22
172,Woven Tab Sneaker Socks 3pk,White,16.0,,https://us.shop.gymshark.com/products/gymshark-woven-tab-sneaker-socks-white-aw21
173,Comfy Rest Day Socks,Soft Lilac,12.0,,https://us.shop.gymshark.com/products/gymshark-comfy-rest-day-socks-soft-lilac-aw22
174,Premium Jacquard Single Socks,White/Magenta Pink,12.0,,https://us.shop.gymshark.com/products/gymshark-premium-jacquard-single-socks-white-magenta-pink-aw22
175,Crew Socks 5pk,White,24.0,,https://us.shop.gymshark.com/products/gymshark-crew-socks-5pk-white-aw22
176,Crew Performance Socks,White,12.8,16.0,https://us.shop.gymshark.com/products/gymshark-crew-performance-socks-white-aw22
177,Crew Socks 3pk,White,16.0,,https://us.shop.gymshark.com/products/gymshark-crew-socks-3pk-white-aw21
178,Studio Socks,Black,9.6,12.0,https://us.shop.gymshark.com/products/gymshark-studio-socks-black-aw21
179,Studio Socks,Rose Brown,9.6,12.0,https://us.shop.gymshark.com/products/gymshark-studio-socks-rose-brown-aw22
180,No Show Performance Socks,White,9.6,12.0,https://us.shop.gymshark.com/products/gymshark-no-show-performance-socks-white
181,Ankle Socks 3pk,White/Light Grey Marl/Black,14.0,,https://us.shop.gymshark.com/products/gymshark-trainer-socks-3pk-white-light-grey-marl-black-aw21
182,Crew Performance Socks,White,12.8,16.0,https://us.shop.gymshark.com/products/gymshark-crew-performance-socks-white
183,Knee Sleeve 5mm,Black,26.0,,https://us.shop.gymshark.com/products/gymshark-knee-sleeve-black
184,Sharkhead Cross Body,Sweet Pink,26.0,,https://us.shop.gymshark.com/products/gymshark-sharkhead-cross-body-sweet-pink-aw22
185,Sharkhead Cross Body,Black,26.0,,https://us.shop.gymshark.com/products/gymshark-sharkhead-cross-body-black-aw22
186,Logo Trucker Cap,Black,30.0,,https://us.shop.gymshark.com/products/gymshark-logo-trucker-cap-black-aw22
187,Crew Socks 3pk,White/Pink/Red,16.0,,https://us.shop.gymshark.com/products/gymshark-crew-socks-3pk-white-pink-red-ss23
188,Everyday Keychain,Black,14.0,,https://us.shop.gymshark.com/products/gymshark-everyday-keychain-black-ss23
189,Everyday Keychain,Scandi Pink,14.0,,https://us.shop.gymshark.com/products/gymshark-everyday-keychain-scandi-pink-ss23
190,33oz Water Bottle,Misty Pink/Hazy Pink,14.0,,https://us.shop.gymshark.com/products/gymshark-1l-water-bottle-misty-pink-hazy-pink-ss23
191,Everyday Tote,Cement Brown,36.0,,https://us.shop.gymshark.com/products/gymshark-everyday-tote-cement-brown-ss23
192,Everyday Tote,Black,36.0,,https://us.shop.gymshark.com/products/gymshark-everyday-tote-black
193,Noah Ohlsen Bucket Hat,Black/Pink,35.0,,https://us.shop.gymshark.com/products/gymshark-noah-ohlsen-bucket-hat-black-pink-ss23
194,Silicone Lifting Straps,Magenta Pink,16.0,,https://us.shop.gymshark.com/products/gymshark-silicone-lifting-straps-magenta-pink-aw22
